,着順,車番,予想,好気合,総評,枠番,選手名府県/年齢/期別,級班,脚質,ギヤ倍数,競走得点,1着,2着,3着,着外
2220220101010001,1,5,◎,nan,1,5,佐藤 謙  栃　木/36/90,A3,追,3.92,82.00,0,0,0,0
2220220101010001,2,1,○,nan,3,1,三木 翔太  群　馬/33/95,A3,両,3.92,70.73,7,3,3,14
2220220101010001,3,7,△,nan,1,6,大澤 裕之  埼　玉/49/71,A3,追,3.92,81.94,0,0,0,0
2220220101010001,4,6,×,nan,5,6,相馬 竹伸  青　森/36/93,A3,逃,3.92,64.66,2,5,3,17
2220220101010001,5,3,注,nan,4,3,高桑 由昇  福　島/44/81,A3,追,3.92,67.53,0,1,0,3
2220220101010001,6,4,▲,nan,4,4,吉橋 秀城  埼　玉/43/85,A3,追,3.85,70.27,1,0,1,7
2220220101010001,7,2,nan,nan,4,2,南雲 孝之  東　京/57/54,A3,追,3.92,67.77,1,2,5,13
2220220101010002,1,3,◎,nan,1,3,吉原 友彦  神奈川/43/83,A3,両,3.92,87.38,0,0,0,0
2220220101010002,2,5,○,nan,1,5,鈴木 純  神奈川/49/73,A3,追,3.92,80.05,0,0,0,0
2220220101010002,3,1,▲,nan,1,1,米田 勝洋  千　葉/54/62,A3,追,3.92,78.37,0,0,0,0
2220220101010002,4,7,×,nan,3,6,加賀美 智史  山　梨/39/87,A3,両,3.92,73.11,4,2,1,6
2220220101010002,5,4,△,nan,3,4,中山 善仁  新　潟/47/73,A3,追,3.92,73.26,1,1,0,1
2220220101010002,6,2,注,nan,4,2,武藤 嘉伸  埼　玉/54/59,A3,追,3.93,68.12,0,5,4,12
2220220101010002,7,6,nan,nan,5,6,高橋 潤  岩　手/36/96,A3,追,3.92,67.05,1,1,2,14
2220220101010003,1,5,◎,nan,2,5,大高 彰馬  福　島/22/119,A3,逃,3.85,76.04,0,2,0,1
2220220101010003,2,1,○,nan,1,1,松本 昌士  福　島/38/92,A3,追,3.92,80.29,1,2,2,4
2220220101010003,3,3,×,nan,4,3,戸邉 裕将  茨　城/50/72,A3,追,3.92,70.09,0,1,5,12
2220220101010003,4,4,▲,nan,5,4,岡崎 泰郎  神奈川/43/88,A3,追,3.93,67.16,1,4,1,10
2220220101010003,5,6,注,nan,5,6,高田 隼人  千　葉/40/88,A3,両,3.92,66.95,6,6,3,15
2220220101010003,落,2,△,nan,1,2,出口 眞浩  神奈川/52/63,A3,追,3.92,79.23,0,0,0,0
2220220101010003,落,7,nan,nan,4,6,佐野 多喜男  新　潟/42/85,A3,追,3.92,69.95,1,4,2,14
2220220101010004,1,1,◎,nan,1,1,堀江 省吾  長　野/24/119,A3,逃,3.92,78.52,7,1,1,0
2220220101010004,2,5,○,nan,1,5,笹川 竜治  新　潟/49/71,A3,追,3.92,79.95,0,0,0,0
2220220101010004,3,2,×,nan,1,2,渡邉 正人  福　島/30/100,A3,逃,3.85,79.55,0,0,0,0
2220220101010004,4,4,△,nan,3,4,椿 佳友  北海道/53/64,A3,追,3.92,71.15,0,3,7,10
2220220101010004,5,3,注,nan,5,3,赤石 聡  群　馬/49/69,A3,追,3.79,66.62,0,7,4,22
2220220101010004,6,7,▲,nan,4,6,佐藤 隆二  北海道/50/69,A3,追,3.85,68.14,2,3,2,11
2220220101010004,7,6,nan,nan,5,6,渋江 洋平  栃　木/45/77,A3,追,3.92,66.47,0,1,3,17
2220220101010005,1,3,◎,nan,7,3,中野 慎詞  岩　手/22/121,A3,逃,3.92,0.00,0,0,0,0
2220220101010005,2,5,○,nan,1,5,白川 裕也  青　森/43/85,A3,追,3.92,80.33,0,0,0,0
2220220101010005,3,1,注,nan,3,1,田中 智也  静　岡/49/74,A3,追,3.92,72.00,0,0,0,3
2220220101010005,4,7,▲,nan,4,6,植田 誠  静　岡/54/61,A3,追,3.92,70.25,3,5,4,13
2220220101010005,5,2,△,nan,4,2,山中 孝一  埼　玉/40/88,A3,両,3.92,67.76,0,1,2,9
2220220101010005,6,4,×,nan,1,4,金辺 雄介  東　京/39/97,A3,両,3.85,79.55,0,0,0,2
2220220101010005,7,6,nan,nan,5,6,野崎 修一  栃　木/58/57,A3,追,3.92,66.85,0,2,4,18
2220220101010006,1,6,▲,nan,6,6,石川 恭規  福　島/44/93,A2,追,3.92,73.30,0,0,4,8
2220220101010006,2,4,注,nan,4,4,井手 尚治  神奈川/52/65,A2,追,3.92,84.08,4,1,6,14
2220220101010006,3,3,○,nan,3,3,根本 雄紀  茨　城/44/80,A1,追,3.92,87.50,1,5,4,15
2220220101010006,4,5,△,nan,4,5,桜井 大地  静　岡/28/111,A2,逃,3.79,80.80,4,0,7,9
2220220101010006,5,2,×,nan,4,2,山崎 敦雄  静　岡/49/70,A1,追,3.85,84.95,3,2,3,10
2220220101010006,6,1,◎,nan,3,1,鈴木 雄一朗  東　京/37/94,A1,逃,3.93,87.90,10,8,2,10
2220220101010007,1,2,◎,nan,3,2,齊藤 健人  静　岡/35/92,A1,両,3.92,85.91,3,1,2,9
2220220101010007,2,5,△,nan,4,5,阿久津 浩之  東　京/38/94,A2,逃,3.92,83.35,2,7,4,14
2220220101010007,3,1,×,nan,3,1,鈴木 龍之介  栃　木/43/81,A2,追,3.92,86.33,2,2,2,6
2220220101010007,4,7,○,nan,4,6,櫻川 雅彦  千　葉/37/99,A2,逃,3.92,83.11,5,4,5,17
2220220101010007,5,3,注,nan,3,3,佐藤 政利  新　潟/39/91,A1,追,3.92,86.33,2,2,4,10
2220220101010007,6,6,nan,nan,4,6,西巻 秀太  新　潟/37/97,A2,両,3.92,81.47,1,1,3,13
2220220101010007,7,4,▲,nan,4,4,植草 亮介  千　葉/37/90,A2,追,3.92,84.54,2,7,4,11
2220220101010008,1,2,◎,nan,2,2,森田 康嗣  北海道/40/89,A1,両,3.92,89.28,5,4,5,13
2220220101010008,2,4,○,nan,3,4,山本 恵介  福　島/41/100,A1,追,3.92,88.66,3,2,5,13
2220220101010008,3,5,注,nan,4,5,戸塚 涼介  埼　玉/27/111,A2,逃,3.92,81.52,2,2,0,5
2220220101010008,4,1,▲,nan,4,1,荒木 伸哉  静　岡/42/87,A1,追,3.92,83.15,3,4,4,12
2220220101010008,5,3,×,nan,3,3,浦川 尊明  茨　城/45/80,A1,追,3.92,85.77,1,8,1,14
2220220101010008,6,6,nan,nan,5,6,阿部 宏之  宮　城/45/82,A2,追,3.92,78.75,1,0,1,1
2220220101010008,7,7,△,nan,4,6,伊藤 翼  神奈川/36/94,A2,両,3.92,82.20,4,1,1,11
2220220101010009,1,7,◎,nan,3,6,中川 拓也  群　馬/35/94,A1,逃,3.92,85.38,4,3,1,19
2220220101010009,2,4,△,nan,4,4,高橋 大輝  秋　田/28/111,A2,逃,3.85,82.04,2,1,3,6
2220220101010009,3,1,○,nan,4,1,長岡 豪  群　馬/38/91,A2,追,3.92,82.38,1,2,8,16
2220220101010009,4,2,×,nan,3,2,関根 彰人  福　島/33/94,A2,追,3.92,87.47,0,0,0,3
2220220101010009,5,5,注,nan,4,5,橋本 紀彰  茨　城/41/90,A2,追,3.92,84.72,0,2,2,5
2220220101010009,6,6,▲,nan,6,6,大内 達也  宮　城/49/72,A2,追,3.92,73.59,1,3,1,9
2220220101010009,7,3,nan,nan,3,3,黒崎 直行  栃　木/55/57,A2,追,3.92,85.23,0,4,5,9
2220220101010010,1,3,◎,nan,3,3,伊藤 彰規  神奈川/31/96,A1,両,3.92,88.91,7,5,2,16
2220220101010010,2,4,nan,nan,4,4,藤野 竜也  栃　木/21/117,A2,逃,3.92,82.04,1,1,0,10
2220220101010010,3,6,△,nan,6,6,奥山 雅士  静　岡/51/65,A2,追,3.92,73.47,0,0,0,0
2220220101010010,4,7,○,nan,3,6,田中 勝仁  千　葉/36/93,A2,両,3.93,86.42,5,3,3,10
2220220101010010,5,2,注,nan,4,2,篠崎 高志  栃　木/49/72,A2,追,3.92,84.00,0,2,4,18
2220220101010010,6,1,×,nan,3,1,石田 宏樹  青　森/40/91,A1,両,3.92,85.45,3,2,2,8
2220220101010010,7,5,▲,nan,4,5,白石 大輔  福　島/38/88,A2,追,3.92,80.90,0,1,3,19
2220220101010011,1,7,○,nan,3,6,中村 淳  栃　木/50/69,A1,追,3.92,86.94,1,1,2,2
2220220101010011,2,4,nan,nan,4,4,鰐淵 圭佑  群　馬/38/90,A2,追,3.92,82.22,1,2,0,6
2220220101010011,3,1,◎,nan,3,1,楠野 史尭  埼　玉/33/105,A1,逃,3.92,88.29,2,4,5,4
2220220101010011,4,2,△,nan,4,2,田口 裕一  千　葉/31/100,A1,追,3.93,84.87,2,6,1,9
2220220101010011,5,5,注,nan,4,5,浅沼 聖士  静　岡/40/87,A2,両,3.92,83.07,1,5,5,15
2220220101010011,6,3,×,nan,4,3,緑川 修平  福　島/38/95,A1,逃,3.92,84.52,6,2,2,8
2220220101010011,7,6,▲,nan,5,6,白木 正彦  宮　城/45/84,A2,追,3.92,79.33,0,0,0,12
2220220101010012,1,4,◎,nan,2,4,猪狩 祐樹  福　島/34/99,A1,逃,3.93,91.79,8,4,2,7
2220220101010012,2,6,△,nan,2,6,板垣 昴  福　島/29/115,A1,逃,3.92,90.44,3,5,0,5
2220220101010012,3,5,▲,nan,1,5,松坂 英司  神奈川/47/82,A1,追,3.86,102.86,0,0,0,0
2220220101010012,4,1,nan,nan,1,1,岡本 英之  千　葉/42/85,A1,追,3.93,99.30,0,0,0,0
2220220101010012,5,2,注,nan,2,2,甲斐 康昭  群　馬/37/89,A1,追,3.92,92.66,2,4,1,7
2220220101010012,6,3,○,nan,1,3,棟方 次郎  青　森/48/73,A1,追,3.92,97.23,0,0,0,0
2220220101010012,7,7,×,nan,2,6,奥原 亨  神奈川/32/103,A1,両,3.92,92.66,6,5,5,5
2420220101010001,1,4,◎,nan,2,4,星野 辰也  栃　木/35/95,A1,追,3.93,89.11,3,0,1,2
2420220101010001,2,2,注,nan,4,2,外崎 一成  北海道/34/94,A1,追,3.86,83.08,0,1,3,5
2420220101010001,3,1,○,nan,4,1,清水 健次  東　京/29/113,A2,逃,3.92,83.22,0,0,0,0
2420220101010001,4,5,×,nan,4,5,泉 文人  福　島/31/99,A1,両,3.92,84.95,0,0,0,0
2420220101010001,5,3,△,nan,4,3,黒田 充  栃　木/47/73,A2,追,3.93,80.22,0,2,1,6
2420220101010001,6,6,▲,nan,7,6,佐藤 純嘉  青　森/38/94,A2,追,3.85,69.33,0,0,0,0
2420220101010002,1,4,○,nan,3,4,新井 僚太郎  山　梨/29/100,A1,逃,3.85,85.37,3,1,3,5
2420220101010002,2,3,注,nan,4,3,柳 充  青　森/47/79,A2,追,3.86,82.42,0,2,0,7
2420220101010002,3,7,◎,nan,3,6,梅山 英樹  群　馬/49/72,A2,追,3.85,87.66,0,2,2,2
2420220101010002,4,5,×,nan,4,5,竹内 優也  北海道/41/89,A2,両,3.86,82.00,1,2,1,5
2420220101010002,5,2,△,nan,3,2,秋葉 大輔  東　京/39/90,A1,追,3.92,85.66,0,0,0,0
2420220101010002,6,1,▲,nan,5,1,塚本 諭  福　島/45/85,A2,追,3.77,79.66,0,1,0,5
2420220101010002,7,6,nan,nan,5,6,岡嵜 浩一  神奈川/53/69,A2,追,3.92,78.55,0,1,0,2
2420220101010003,1,2,×,nan,3,2,國廣 哲治  埼　玉/46/84,A1,追,3.92,87.53,2,1,3,9
2420220101010003,2,7,△,nan,4,6,早川 成矢  埼　玉/45/78,A2,両,3.92,83.71,1,2,1,5
2420220101010003,3,4,◎,nan,3,4,田頭 寛之  千　葉/33/109,A1,逃,3.93,87.86,1,2,0,6
2420220101010003,4,1,○,nan,4,1,對馬 太陽  神奈川/42/85,A2,追,3.92,83.14,2,0,0,4
2420220101010003,5,5,注,nan,4,5,松山 正和  静　岡/50/76,A2,追,3.92,83.11,0,0,0,0
2420220101010003,6,6,nan,nan,5,6,前島 恭平  長　野/33/98,A2,逃,3.92,78.81,0,0,0,1
2420220101010003,7,3,▲,nan,4,3,今村 俊雄  山　梨/42/99,A2,追,3.92,80.04,0,1,0,2
2420220101010004,1,5,×,nan,3,5,北村 貴幸  群　馬/50/71,A1,追,3.85,87.04,2,0,0,7
2420220101010004,2,2,◎,nan,3,2,山田 和巧  神奈川/43/87,A1,追,3.92,88.66,0,2,1,0
2420220101010004,3,6,nan,nan,7,6,坂本 英一  栃　木/54/59,A2,追,3.92,68.00,0,0,0,0
2420220101010004,4,1,注,nan,4,1,等々力 久就  長　野/30/98,A2,逃,3.85,80.85,0,1,1,4
2420220101010004,5,3,▲,nan,5,3,高森 圭介  栃　木/44/83,A2,追,3.92,78.25,0,0,1,2
2420220101010004,6,4,○,nan,3,4,渡邊 颯太  静　岡/26/109,A1,逃,3.92,86.05,4,0,1,8
2420220101010004,7,7,△,nan,4,6,篠田 宗克  千　葉/52/65,A2,追,3.92,81.44,0,1,1,5
2420220101010005,1,2,○,nan,2,2,大薗 宏  茨　城/47/71,A1,追,3.92,91.33,2,1,0,3
2420220101010005,2,5,◎,nan,2,5,小原 唯志  茨　城/38/101,A1,逃,3.92,94.52,2,3,2,2
2420220101010005,3,1,△,nan,2,1,亀井 久幸  千　葉/40/95,A1,両,3.92,91.88,2,0,0,1
2420220101010005,4,4,▲,nan,2,4,望月 裕一郎  静　岡/51/65,A1,追,3.92,93.33,1,0,2,0
2420220101010005,5,6,nan,nan,2,6,柴田 功一郎  神奈川/45/79,A1,追,3.92,90.31,0,1,1,4
2420220101010005,6,3,注,nan,2,3,川津 悠揮  北海道/33/96,A1,追,3.85,91.66,2,1,7,5
2420220101010005,7,7,×,nan,1,6,佐藤 佑一  岩　手/38/92,A1,逃,3.92,96.09,0,0,0,0
2420220101010006,1,1,◎,nan,2,1,伏見 俊昭  福　島/45/75,S2,追,3.92,110.10,1,1,1,3
2420220101010006,2,5,○,nan,4,5,佐藤 博紀  岩　手/36/96,S2,両,3.92,103.81,1,1,0,1
2420220101010006,3,2,×,nan,5,2,江連 和洋  栃　木/49/76,S2,追,3.85,98.91,2,1,0,4
2420220101010006,4,6,注,nan,6,6,関 貴之  茨　城/38/93,S2,追,3.92,93.80,0,0,1,2
2420220101010006,5,4,△,nan,5,4,幸田 望夢  栃　木/22/115,S2,逃,3.93 3.92,97.82,2,0,0,4
2420220101010006,6,3,▲,nan,5,3,飯田 辰哉  千　葉/48/72,S2,追,3.93,98.10,0,1,0,7
2420220101010007,1,1,▲,nan,6,1,宿口 潤平  埼　玉/39/91,S2,追,3.92,94.28,0,0,0,0
2420220101010007,2,4,×,nan,4,4,神山 雄一郎  栃　木/53/61,S1,追,3.92,103.35,1,1,2,2
2420220101010007,3,5,◎,nan,3,5,佐藤 康紀  青　森/47/73,S2,追,3.92,105.09,3,0,2,4
2420220101010007,4,3,注,nan,4,3,古屋 琢晶  山　梨/35/90,S2,逃,3.92,99.13,0,0,0,0
2420220101010007,5,6,△,nan,6,6,小菅 誠  神奈川/41/90,S2,追,3.93,92.88,0,1,0,2
2420220101010007,6,2,○,nan,4,2,磯島 康祐  青　森/29/105,S2,逃,3.92,100.73,3,0,0,7
2420220101010008,1,7,×,nan,5,6,恩田 淳平  群　馬/31/100,S2,両,3.92,98.73,1,2,0,3
2420220101010008,2,3,注,nan,5,3,笠松 将太  埼　玉/29/100,S2,逃,3.92,98.40,1,0,1,1
2420220101010008,3,1,◎,nan,3,1,嶋津 拓弥  神奈川/35/103,S2,逃,3.92,105.77,0,0,0,3
2420220101010008,4,5,△,nan,4,5,佐藤 真一  東　京/47/79,S2,追,3.93,103.00,1,1,1,5
2420220101010008,5,4,○,nan,4,4,江守 昇  千　葉/46/73,S2,追,3.92,101.89,1,1,2,6
2420220101010008,6,6,nan,nan,6,6,大塚 英伸  静　岡/43/82,S2,追,3.92,91.91,0,0,0,0
2420220101010008,7,2,▲,nan,5,2,田村 真広  群　馬/47/83,S2,追,3.92,98.00,1,0,3,6
2420220101010009,1,2,×,nan,4,2,高橋 雅之  千　葉/39/90,S2,追,3.92,99.85,1,1,1,6
2420220101010009,2,4,◎,nan,3,4,坂本 貴史  青　森/32/94,S1,逃,3.92,106.82,1,1,4,3
2420220101010009,3,5,注,nan,5,5,大木 雅也  静　岡/46/83,S2,追,3.92,98.22,0,0,3,7
2420220101010009,4,7,nan,nan,5,6,伊早坂 駿一  茨　城/27/105,S2,逃,3.92,95.04,2,2,1,4
2420220101010009,5,6,▲,nan,6,6,小林 稜武  千　葉/28/113,S2,逃,3.92,91.13,0,0,0,0
2420220101010009,6,3,△,nan,4,3,稲村 成浩  群　馬/50/69,S2,追,3.92,101.71,0,0,2,4
2420220101010009,7,1,○,nan,4,1,鹿内 翔  青　森/36/95,S1,追,3.92,101.52,1,1,1,3
2420220101010010,1,5,○,nan,4,5,鈴木 陸来  静　岡/25/117,S2,逃,3.92,103.50,1,0,2,3
2420220101010010,2,1,◎,nan,3,1,佐藤 龍二  神奈川/33/94,S2,両,3.92,105.89,1,0,0,3
2420220101010010,3,7,×,nan,4,6,箱田 優樹  青　森/31/98,S2,両,3.92,103.05,1,0,1,1
2420220101010010,4,2,▲,nan,4,2,佐藤 一伸  福　島/34/94,S2,両,3.92,101.34,1,3,2,9
2420220101010010,5,4,△,nan,6,4,副島 和人  神奈川/38/105,S2,追,3.92,93.00,0,1,0,2
2420220101010010,6,3,注,nan,5,3,鈴木 謙太郎  茨　城/37/90,S2,逃,3.92,96.41,0,2,0,4
2420220101010010,7,6,nan,nan,7,6,山口 翼  茨　城/32/98,S2,逃,3.92,86.66,0,0,0,0
2420220101010011,1,7,○,nan,3,6,磯田 旭  栃　木/32/96,S2,追,3.92,105.00,1,1,2,6
2420220101010011,2,1,◎,nan,3,1,菊池 岳仁  長　野/21/117,S1,逃,3.92,105.55,3,2,0,1
2420220101010011,3,4,▲,nan,5,4,佐藤 悦夫  栃　木/42/86,S2,追,3.92,95.54,0,0,0,0
2420220101010011,4,3,△,nan,5,3,樋口 開土  東　京/25/113,S2,逃,3.92,96.27,0,0,0,3
2420220101010011,5,2,×,nan,4,2,近藤 俊明  神奈川/43/87,S2,追,3.92,100.08,1,1,1,6
2420220101010011,6,5,nan,nan,6,5,菅田 和宏  宮　城/39/88,S2,逃,3.92,93.25,0,0,0,0
2420220101010011,7,6,注,nan,6,6,和田 禎嗣  埼　玉/36/99,S2,両,3.92,90.68,0,0,0,0
2420220101010012,1,7,×,nan,2,6,鈴木 裕  千　葉/37/92,S1,両,3.92,112.42,1,0,2,1
2420220101010012,2,1,▲,nan,2,1,和田 健太郎  千　葉/40/87,S1,追,3.92,114.20,0,0,0,0
2420220101010012,3,5,注,nan,2,5,小松崎 大地  福　島/39/99,S1,逃,3.92,111.00,1,1,0,1
2420220101010012,4,6,△,nan,3,6,神山 拓弥  栃　木/34/91,S1,追,3.92,109.08,3,1,0,3
2420220101010012,5,4,◎,nan,2,4,吉澤 純平  茨　城/36/101,S1,逃,3.92,110.47,0,0,0,0
2420220101010012,6,2,○,nan,2,2,眞杉 匠  栃　木/22/113,S1,逃,3.92,110.47,2,2,0,3
2420220101010012,7,3,nan,nan,2,3,木暮 安由  群　馬/36/92,S1,両,3.92,111.56,2,2,1,3
3720220101010001,1,3,○,nan,2,3,丸山 貴秀  秋　田/41/89,A1,追,3.92,91.95,3,3,5,4
3720220101010001,2,5,◎,nan,2,5,日当 泰之  青　森/34/92,A1,逃,3.92,90.71,3,3,2,4
3720220101010001,3,2,注,nan,3,2,寺林 正秋  宮　城/37/93,A2,追,3.92,85.40,4,6,4,13
3720220101010001,4,6,▲,nan,4,6,佐藤 有輝  神奈川/43/85,A2,追,3.93,81.37,0,2,4,9
3720220101010001,5,1,×,nan,4,1,佐藤 明  静　岡/46/77,A2,追,3.92,84.43,1,4,2,15
3720220101010001,6,4,△,nan,4,4,吉竹 尚城  静　岡/28/109,A2,逃,3.92,81.83,3,3,1,11
3720220101010002,1,7,注,nan,2,6,西村 行貴  東　京/37/92,A1,追,3.92,89.72,4,5,1,5
3720220101010002,2,5,◎,nan,2,5,三浦 翔大  宮　城/31/98,A1,逃,3.92,91.09,3,0,2,3
3720220101010002,3,2,▲,nan,3,2,鈴木 愼二  神奈川/48/74,A2,追,3.92,86.70,2,6,10,15
3720220101010002,4,4,△,nan,4,4,川田 忍  神奈川/43/87,A1,両,3.93,84.83,3,2,2,11
3720220101010002,5,1,○,nan,4,1,竹山 慶太  宮　城/28/105,A2,逃,3.92,82.42,5,5,5,12
3720220101010002,6,3,×,nan,3,3,樋口 瑛土  東　京/30/109,A1,逃,3.92,88.00,2,5,3,8
3720220101010002,7,6,nan,nan,7,6,中山 健  新　潟/38/89,A2,両,3.85,67.63,0,0,0,0
3720220101010003,1,7,◎,nan,2,6,佐藤 清之  千　葉/39/93,A1,追,3.92,91.47,2,2,1,4
3720220101010003,2,5,△,nan,4,5,石井 孝  千　葉/50/68,A2,追,3.85,83.43,1,5,4,16
3720220101010003,3,2,○,nan,3,2,長谷部 翔  静　岡/27/109,A1,逃,3.93,87.72,4,3,1,7
3720220101010003,4,3,×,nan,3,3,勝俣 亮  神奈川/44/82,A2,両,3.92,86.00,8,3,5,11
3720220101010003,5,4,▲,nan,3,4,佐藤 和典  神奈川/50/70,A1,追,3.93,87.75,5,5,1,12
3720220101010003,6,1,注,nan,4,1,舘 真成  茨　城/34/98,A1,逃,3.86,84.23,5,5,2,16
3720220101010003,7,6,nan,nan,6,6,高橋 由記  群　馬/42/88,A2,追,3.92,73.76,0,0,0,0
3720220101010004,1,1,◎,nan,2,1,仁藤 秀  静　岡/23/117,A2,逃,3.92,91.61,8,0,1,6
3720220101010004,2,5,○,nan,2,5,深澤 伸介  静　岡/46/76,A1,追,3.93,89.90,1,1,1,3
3720220101010004,3,4,△,nan,3,4,山崎 輝夫  埼　玉/30/99,A2,両,3.93,86.41,2,1,4,8
3720220101010004,4,6,nan,nan,6,6,小林 覚  神奈川/59/56,A2,追,3.85,74.11,0,1,0,5
3720220101010004,5,2,×,nan,3,2,土屋 仁  茨　城/46/84,A1,追,3.92,88.36,3,6,6,17
3720220101010004,6,7,注,nan,3,6,江本 博明  千　葉/41/90,A1,両,3.92,85.87,3,6,3,9
3720220101010004,7,3,▲,nan,4,3,小林 裕一朗  千　葉/27/111,A2,逃,3.85,81.00,4,2,3,12
3720220101010005,1,5,△,nan,1,5,小酒 大勇  福　島/27/103,A1,両,3.92,99.31,0,0,0,0
3720220101010005,2,4,注,nan,1,4,山崎 将幸  宮　城/34/92,A1,追,3.92,98.47,0,0,0,0
3720220101010005,3,2,×,nan,1,2,巴 直也  神奈川/33/101,A1,逃,3.92,96.65,0,0,0,0
3720220101010005,4,6,▲,nan,2,6,齋木 翔多  静　岡/23/115,A1,逃,3.93,92.00,4,9,3,11
3720220101010005,5,1,nan,nan,1,1,三澤 康人  宮　城/36/91,A1,追,3.92,97.05,0,1,0,5
3720220101010005,6,3,◎,nan,1,3,磯川 勝裕  東　京/27/113,A1,逃,3.92,102.46,0,0,0,0
3720220101010005,7,7,○,nan,2,6,太田 真一  埼　玉/46/75,A1,追,3.92,94.32,1,4,1,3
3720220101010006,1,2,×,nan,2,2,吉川 美穂  和歌山/28/120,L1,両,3.77,52.87,3,2,2,2
3720220101010006,2,4,注,nan,4,4,中西 叶美  愛　知/25/112,L1,両,3.77,48.16,0,2,1,9
3720220101010006,3,3,▲,nan,4,3,藤巻 絵里佳  福　島/26/110,L1,両,3.71,48.87,0,4,2,9
3720220101010006,4,5,◎,nan,2,5,岡本 二菜  東　京/24/118,L1,両,3.77,53.04,1,6,5,6
3720220101010006,5,6,○,nan,3,6,野本 怜菜  埼　玉/23/114,L1,両,3.77,50.33,1,2,1,6
3720220101010006,6,1,nan,nan,4,1,藤原 亜衣里  新　潟/41/102,L1,両,3.77,46.10,0,2,2,26
3720220101010006,7,7,△,nan,3,6,清水 彩那  静　岡/23/116,L1,両,3.79,51.56,1,1,6,7
3720220101010007,1,4,×,nan,2,4,荒川 ひかり  茨　城/27/110,L1,両,3.77,52.22,0,3,8,5
3720220101010007,2,1,△,nan,3,1,鈴木 奈央  静　岡/24/110,L1,両,3.79,50.11,0,3,3,0
3720220101010007,3,7,○,nan,2,6,小坂 知子  岐　阜/36/104,L1,両,3.77,52.54,0,5,1,3
3720220101010007,4,6,◎,nan,2,6,吉村 早耶香  静　岡/24/112,L1,両,3.77,54.13,5,10,4,2
3720220101010007,5,2,▲,nan,4,2,田中 千尋  愛　知/23/114,L1,両,3.77,47.38,0,0,1,5
3720220101010007,6,5,nan,nan,3,5,近澤 諒香  三　重/20/118,L1,両,3.79,49.00,0,0,1,9
3720220101010007,7,3,注,nan,4,3,蛯原 杏奈  北海道/22/120,L1,両,3.77,47.61,0,0,0,0
3720220101010008,1,5,×,nan,4,5,望月 永悟  静　岡/44/77,S2,追,3.92,99.86,0,2,7,17
3720220101010008,2,4,nan,nan,5,4,石塚 孝幸  神奈川/41/89,S2,追,3.92,98.40,1,2,2,4
3720220101010008,3,2,◎,nan,3,2,末木 浩二  山　梨/30/109,S1,逃,3.92,104.60,3,3,1,6
3720220101010008,4,7,○,nan,4,6,石川 雅望  群　馬/35/91,S2,追,3.92,99.15,0,1,2,2
3720220101010008,5,3,注,nan,3,3,佐藤 和也  青　森/42/95,S2,追,3.92,105.68,0,5,1,5
3720220101010008,6,6,▲,nan,6,6,引地 正人  秋　田/41/87,S2,逃,3.92,91.13,0,0,0,0
3720220101010008,7,1,△,nan,4,1,蒔田 英彦  千　葉/38/93,S2,逃,3.92,99.31,1,2,4,10
3720220101010009,1,4,×,nan,3,4,蕗澤 鴻太郎  群　馬/26/111,S2,逃,3.92,105.26,6,5,2,11
3720220101010009,2,5,◎,nan,3,5,福田 知也  神奈川/39/88,S1,追,3.92,105.22,3,6,1,9
3720220101010009,3,7,△,nan,6,6,小野 裕次  千　葉/33/95,S2,両,3.93,91.58,0,0,0,4
3720220101010009,4,2,注,nan,4,2,岡 光良  埼　玉/40/94,S2,追,3.92,102.60,3,3,6,7
3720220101010009,5,1,▲,nan,5,1,佐々木 省司  青　森/43/86,S2,追,3.92,97.72,0,9,1,5
3720220101010009,6,6,nan,nan,6,6,高橋 幸司  山　形/33/99,S2,逃,3.92,91.20,0,0,0,0
3720220101010009,7,3,○,nan,4,3,菅原 大也  神奈川/30/107,S2,逃,3.92,100.16,3,2,1,11
3720220101010010,1,7,◎,nan,3,6,山岸 佳太  茨　城/32/107,S1,逃,3.92,108.33,3,2,0,5
3720220101010010,2,4,×,nan,4,4,武田 憲祐  神奈川/38/93,S2,追,3.92,102.90,0,3,2,8
3720220101010010,3,3,注,nan,4,3,松坂 侑亮  神奈川/23/115,S2,逃,3.92,99.21,1,1,0,5
3720220101010010,4,2,▲,nan,5,2,藤田 大輔  千　葉/37/91,S2,両,3.92,98.81,2,2,5,14
3720220101010010,5,1,○,nan,4,1,志村 太賀  山　梨/38/90,S2,追,3.92,103.42,6,1,2,8
3720220101010010,6,5,△,nan,4,5,石毛 克幸  千　葉/44/84,S2,追,3.93,101.68,0,6,3,9
3720220101010010,7,6,nan,nan,7,6,柴田 竜史  静　岡/33/96,S2,両,3.92,87.37,0,0,0,0
3720220101010011,1,4,◎,nan,3,4,野口 裕史  千　葉/38/111,S1,逃,3.93,106.54,8,5,0,6
3720220101010011,2,1,○,nan,3,1,萩原 孝之  静　岡/44/80,S1,追,3.92,104.91,2,3,2,5
3720220101010011,3,5,注,nan,4,5,勝瀬 卓也  神奈川/44/84,S1,追,3.93,100.44,1,6,1,9
3720220101010011,4,6,nan,nan,7,6,法月 成祐  神奈川/47/77,S2,追,3.93,88.68,0,0,0,0
3720220101010011,5,3,×,nan,5,3,石川 裕二  茨　城/37/99,S2,追,3.92,97.77,0,2,0,1
3720220101010011,6,7,▲,nan,5,6,古川 尚耶  栃　木/36/92,S2,追,3.92,95.50,0,1,2,6
3720220101010011,7,2,△,nan,6,2,金澤 竜二  福　島/36/91,S2,逃,3.92,94.87,1,1,1,6
3720220101010012,1,1,◎,nan,2,1,菅田 壱道  宮　城/35/91,S1,両,3.92,112.29,0,2,4,3
3720220101010012,2,4,△,nan,2,4,永澤 剛  青　森/36/91,S1,追,3.92,110.91,4,2,1,6
3720220101010012,3,3,○,nan,1,3,新山 響平  青　森/28/107,S1,逃,3.92,116.31,6,2,0,4
3720220101010012,4,6,nan,nan,3,6,大森 慶一  北海道/40/88,S1,追,3.86,108.65,0,1,1,2
3720220101010012,5,7,▲,nan,3,6,竹内 智彦  宮　城/44/84,S1,追,3.92,108.75,4,2,2,5
3720220101010012,6,2,×,nan,2,2,松谷 秀幸  神奈川/39/96,S1,両,3.92,112.23,3,1,3,3
3720220101010012,7,5,注,nan,2,5,岩本 俊介  千　葉/37/94,S1,逃,3.93,111.84,3,4,1,6
4420220101010001,1,2,×,nan,1,2,藤田 和彦  神奈川/51/63,A3,追,3.85,82.00,0,0,0,0
4420220101010001,2,6,▲,nan,4,6,町田 勝志  静　岡/46/76,A3,追,3.92,68.52,6,3,6,24
4420220101010001,3,5,注,nan,4,5,長澤 和光  福　井/46/74,A3,追,3.77,69.00,1,10,9,40
4420220101010001,4,1,△,nan,1,1,田島 浩二  三　重/42/84,A3,追,3.92,82.47,0,0,0,0
4420220101010001,5,3,◎,nan,1,3,吉田 英二  東　京/47/76,A3,追,3.92,79.23,0,0,0,0
4420220101010001,6,4,○,nan,4,4,田村 純一  福　島/35/92,A3,逃,3.92,70.12,12,8,7,27
4420220101010002,1,3,◎,nan,2,3,牛田 樹希斗  愛　知/23/119,A3,逃,3.92,76.55,9,3,4,13
4420220101010002,2,1,○,nan,1,1,杉山 正和  三　重/54/59,A3,追,3.85,82.48,1,11,3,21
4420220101010002,3,4,×,nan,3,4,辻本 達矢  大　阪/41/99,A3,追,3.92,72.38,3,11,7,15
4420220101010002,4,6,nan,nan,4,6,村松 俊弥  山　梨/35/96,A3,追,3.93,67.94,0,4,7,42
4420220101010002,5,5,△,nan,3,5,木村 健司  埼　玉/44/85,A3,追,3.92,71.95,6,8,14,33
4420220101010002,6,2,注,nan,1,2,和泉田 喜一  千　葉/54/59,A3,追,3.92,78.54,0,0,0,0
4420220101010002,7,7,▲,nan,5,6,栗田 雅也  静　岡/42/84,A3,両,3.92,65.73,9,6,4,35
4420220101010003,1,2,○,nan,1,2,加美山 隆行  宮　城/35/92,A3,両,3.92,79.80,0,0,0,0
4420220101010003,2,4,◎,nan,2,4,佐藤 啓斗  青　森/25/119,A3,逃,3.92,76.22,18,4,1,7
4420220101010003,3,1,×,nan,1,1,稲葉 一真  静　岡/32/100,A3,両,3.92,84.33,0,0,0,0
4420220101010003,4,6,▲,nan,4,6,佐藤 正吾  宮　城/38/88,A3,追,3.83,70.47,7,11,5,25
4420220101010003,5,7,nan,nan,5,6,清水 正人  千　葉/48/79,A3,追,3.93,66.85,0,1,8,24
4420220101010003,6,5,注,nan,3,5,岡田 大門  愛　知/40/87,A3,両,3.92,73.80,14,11,9,36
4420220101010003,7,3,△,nan,1,3,高野 輝彰  愛　知/45/83,A3,追,3.85,79.27,0,0,0,0
4420220101010004,1,4,○,nan,1,4,菅野 航基  宮　城/20/119,A3,逃,3.92,77.78,18,2,2,7
4420220101010004,2,1,◎,nan,1,1,高橋 秀吉  秋　田/38/88,A3,追,3.92,82.81,0,0,0,0
4420220101010004,3,3,×,nan,1,3,山下 茂樹  大　阪/54/65,A3,追,3.92,78.37,0,0,0,0
4420220101010004,4,2,△,nan,1,2,松岡 慶彦  栃　木/47/74,A3,追,3.92,78.91,0,0,0,0
4420220101010004,5,7,nan,nan,5,6,木村 讓  神奈川/48/76,A3,追,3.92,65.72,0,3,3,21
4420220101010004,6,6,▲,nan,4,6,物部 国治  東　京/48/76,A3,追,3.92,67.90,2,11,13,38
4420220101010004,7,5,注,nan,3,5,長尾 博幸  大　阪/42/87,A3,両,3.85,70.80,4,8,7,38
4420220101010005,1,2,×,nan,3,2,坂本 昌宏  青　森/37/91,A2,追,3.92,86.37,7,4,8,21
4420220101010005,2,3,△,nan,4,3,伊藤 奎  福　島/23/115,A1,逃,3.93,84.66,12,14,7,23
4420220101010005,3,5,注,nan,4,5,柴田 健  神奈川/51/71,A1,追,3.92,81.50,5,6,4,37
4420220101010005,4,1,◎,nan,3,1,中澤 孝之  大　阪/56/56,A2,追,3.92,86.85,8,11,7,32
4420220101010005,5,4,○,nan,4,4,中村 泰輔  和歌山/28/117,A2,逃,3.92,82.46,3,4,5,12
4420220101010005,6,7,▲,nan,7,6,岡田 裕康  滋　賀/49/72,A2,追,3.92,65.00,0,2,1,6
4420220101010005,7,6,nan,nan,5,6,久保 将史  神奈川/37/95,A2,逃,3.93,79.09,9,4,3,29
4420220101010006,1,6,△,nan,4,6,湯浅 弘光  千　葉/48/74,A2,追,3.92,80.55,1,5,8,34
4420220101010006,2,5,nan,nan,4,5,及川 裕奨  岩　手/40/86,A1,両,3.85,83.05,8,7,8,26
4420220101010006,3,3,▲,nan,3,3,小室 貴広  茨　城/47/75,A2,追,3.92,85.04,1,10,11,29
4420220101010006,4,7,nan,nan,5,6,宮西 翼  石　川/42/100,A2,両,3.86,76.15,4,6,3,24
4420220101010006,5,1,◎,nan,3,1,山崎 寛巳  新　潟/38/93,A1,逃,3.85,87.85,16,9,6,26
4420220101010006,6,4,注,nan,4,4,辻 力  石　川/48/71,A2,両,3.92,84.16,7,5,8,28
4420220101010006,7,2,×,nan,3,2,谷本 奨輝  富　山/26/107,A1,逃,3.92,85.45,13,12,7,33
4420220101010007,1,2,○,nan,3,2,櫻井 丈  静　岡/39/89,A1,追,3.92,87.33,6,6,12,15
4420220101010007,2,1,◎,nan,3,1,齋藤 宗徳  千　葉/36/100,A1,逃,3.92,88.33,12,9,4,32
4420220101010007,3,3,×,nan,3,3,岡田 亮太  東　京/21/117,A2,逃,3.85,85.66,3,5,4,12
4420220101010007,4,4,注,nan,4,4,木本 賢二  大　阪/49/69,A1,追,3.86,84.00,5,11,11,26
4420220101010007,5,7,nan,nan,4,6,仙石 淳  滋　賀/48/73,A2,追,3.92,80.66,0,9,15,47
4420220101010007,6,5,△,nan,4,5,吉田 昌弘  埼　玉/37/97,A2,追,3.92,83.00,1,3,3,13
4420220101010007,7,6,▲,nan,4,6,布居 翼  和歌山/25/109,A2,逃,3.92,82.33,2,3,5,23
4420220101010008,1,2,○,nan,3,2,橋本 英也  岐　阜/28/113,A2,逃,3.85,87.71,0,1,3,3
4420220101010008,2,3,×,nan,3,3,伊豆田 浩人  神奈川/42/87,A1,追,3.92,87.12,9,8,6,24
4420220101010008,3,1,◎,nan,3,1,田中 秀治  岐　阜/44/82,A1,追,3.93,88.66,10,9,8,27
4420220101010008,4,6,注,nan,4,6,樋口 奨平  富　山/42/87,A2,追,3.92 3.83,81.28,1,5,15,34
4420220101010008,5,5,▲,nan,4,5,山口 慎吾  北海道/38/93,A2,追,3.92,82.19,3,7,12,40
4420220101010008,6,7,nan,nan,6,6,大澤 哉太  北海道/33/95,A2,両,3.92,70.50,0,0,0,0
4420220101010008,7,4,△,nan,4,4,菱沼 元樹  埼　玉/27/111,A2,逃,3.92,82.85,5,7,7,20
4420220101010009,1,2,×,nan,2,2,阿久津 修  栃　木/41/88,A1,追,3.92,95.10,0,0,0,0
4420220101010009,2,5,○,nan,2,5,佐山 寛明  奈　良/34/113,A1,逃,3.92,92.38,13,4,5,6
4420220101010009,3,3,△,nan,2,3,小林 申太  茨　城/38/101,A1,両,3.92,93.92,5,1,5,13
4420220101010009,4,7,nan,nan,2,6,小佐野 文秀  山　梨/45/83,A1,追,3.93,90.50,3,9,13,23
4420220101010009,5,1,注,nan,1,1,岩本 和也  石　川/46/76,A1,追,3.92,101.00,0,0,0,0
4420220101010009,6,4,▲,nan,2,4,宇佐見 裕輝  福　島/36/94,A1,両,3.86,93.69,0,0,0,0
4420220101010009,7,6,◎,nan,2,6,永井 清史  岐　阜/38/88,A1,逃,3.93,91.05,3,0,3,12
4720220101010001,1,5,○,nan,3,5,中畑 利英  和歌山/52/67,A3,追,3.86,72.50,7,12,11,30
4720220101010001,2,7,◎,nan,1,6,一ノ瀬 貴将  大　阪/35/98,A3,両,3.92,83.00,0,0,0,0
4720220101010001,3,2,▲,nan,4,2,岡田 篤  和歌山/47/79,A3,追,3.92,69.61,1,9,11,47
4720220101010001,4,4,△,nan,3,4,亀井 道佳  宮　城/44/83,A3,追,3.92,72.18,2,6,11,29
4720220101010001,5,3,注,nan,4,3,古寺 伸洋  埼　玉/49/78,A3,追,3.92,69.14,0,6,3,18
4720220101010001,6,1,×,nan,3,1,邊見 斎  福　島/36/92,A3,追,3.92,72.14,3,7,11,36
4720220101010001,7,6,nan,nan,4,6,桜井 宏樹  東　京/33/98,A3,逃,3.92,67.87,5,7,3,36
4720220101010002,1,5,◎,nan,1,5,小川 辰徳  埼　玉/33/100,A3,両,3.92,81.72,7,6,5,17
4720220101010002,2,7,△,nan,1,6,山中 貴雄  愛　知/45/79,A3,追,3.92,79.95,1,12,4,11
4720220101010002,3,6,nan,nan,4,6,阿部 晃  宮　城/41/86,A3,追,3.92,67.66,3,6,4,35
4720220101010002,4,1,○,nan,3,1,菊地 大輔  栃　木/46/85,A3,追,3.86,72.00,4,1,13,24
4720220101010002,5,2,×,nan,4,2,吉川 勇気  石　川/31/109,A3,逃,3.92,69.20,10,5,12,26
4720220101010002,6,3,注,nan,3,3,進藤 浩行  千　葉/59/57,A3,追,3.92,73.33,1,1,10,22
4720220101010002,7,4,▲,nan,4,4,井上 将志  大　阪/45/86,A3,追,3.92,68.91,2,10,11,50
4720220101010003,1,1,◎,nan,1,1,岩城 佑典  愛　知/22/119,A3,逃,3.92,77.38,9,10,9,11
4720220101010003,2,3,×,nan,1,3,黒川 渉  奈　良/34/103,A3,逃,3.93,81.29,0,0,0,0
4720220101010003,3,7,注,nan,3,6,多田 司  大　阪/58/51,A3,追,3.93,70.83,1,11,3,18
4720220101010003,4,4,△,nan,1,4,渋谷 錬  神奈川/31/103,A3,追,3.93,82.40,0,0,0,0
4720220101010003,5,2,nan,nan,4,2,石川 一浩  静　岡/54/57,A3,追,3.92,69.42,1,2,5,8
4720220101010003,6,5,○,nan,4,5,田島 高志  三　重/44/79,A3,追,3.85,70.17,1,1,5,17
4720220101010003,7,6,▲,nan,4,6,黒川 将俊  千　葉/35/92,A3,両,3.92,68.75,14,6,7,35
4720220101010004,1,5,◎,nan,1,5,石田 拓真  愛　知/20/119,A3,逃,3.92,77.76,13,8,4,10
4720220101010004,2,2,○,nan,1,2,服部 竜二  愛　知/50/76,A3,追,3.92,80.33,0,1,1,14
4720220101010004,3,6,▲,nan,5,6,中武 克雄  大　阪/57/57,A3,追,3.92,67.04,3,9,8,35
4720220101010004,4,1,注,nan,4,1,志村 正洋  神奈川/47/77,A3,追,3.85,68.94,4,4,13,31
4720220101010004,5,7,nan,nan,4,6,松江 健一  静　岡/49/72,A3,追,3.77,70.38,0,2,12,21
4720220101010004,6,4,△,nan,1,4,石田 岳彦  岩　手/40/89,A3,追,3.92,79.00,0,0,0,0
4720220101010004,7,3,×,nan,3,3,鈴木 浩  新　潟/45/82,A3,両,3.86,70.55,9,10,5,21
4720220101010005,1,1,注,nan,4,1,河野 克也  兵　庫/48/71,A3,追,3.92,70.04,6,18,10,40
4720220101010005,1,4,◎,nan,1,4,福元 啓太  大　阪/25/119,A3,逃,3.92,78.71,19,8,3,7
4720220101010005,3,5,○,nan,1,5,丸元 大樹  兵　庫/45/82,A3,追,3.93,77.72,0,0,0,0
4720220101010005,4,7,△,nan,4,6,天沼 雅貴  埼　玉/37/96,A3,追,3.92,68.53,3,5,5,40
4720220101010005,5,2,nan,nan,4,2,大河原 和彦  群　馬/55/58,A3,追,3.79,68.23,2,5,9,36
4720220101010005,6,3,×,nan,3,3,片岡 昌彰  千　葉/45/85,A3,追,3.92,73.66,5,8,11,28
4720220101010005,7,6,▲,nan,5,6,浅野 徹  千　葉/43/85,A3,両,3.92,67.00,7,6,9,48
4720220101010006,1,5,▲,nan,4,5,吉松 賢二  群　馬/36/90,A2,追,3.93,82.61,6,2,5,28
4720220101010006,2,6,nan,nan,5,6,岡崎 祥伍  岐　阜/32/97,A2,両,3.92,75.47,1,5,6,21
4720220101010006,3,1,○,nan,2,1,千澤 大輔  青　森/34/95,A1,追,3.93,92.69,2,6,4,18
4720220101010006,4,2,注,nan,4,2,渡邊 恭典  栃　木/48/75,A2,追,3.92,84.95,2,10,11,30
4720220101010006,5,3,×,nan,3,3,三浦 稔希  愛　知/46/76,A1,追,3.92,86.58,4,17,12,32
4720220101010006,6,7,◎,nan,2,6,遠藤 勝弥  静　岡/32/109,A1,逃,3.93,89.06,6,3,8,15
4720220101010006,7,4,△,nan,3,4,内藤 久文  愛　知/29/117,A2,逃,3.92,86.95,9,2,2,10
4720220101010007,1,2,◎,nan,2,2,川崎 健次  神奈川/42/88,A1,追,3.92,92.00,3,4,3,14
4720220101010007,2,3,×,nan,2,3,小峰 烈  長　野/41/98,A1,両,3.93,90.00,3,1,3,8
4720220101010007,3,4,○,nan,2,4,本多 哲也  千　葉/33/97,A1,逃,3.92,89.19,10,8,8,19
4720220101010007,4,1,△,nan,3,1,中川 繁樹  京　都/35/93,A1,逃,3.93,86.50,22,14,7,36
4720220101010007,5,7,注,nan,3,6,藤田 真  兵　庫/40/89,A2,両,3.92,85.76,12,4,11,33
4720220101010007,6,6,nan,nan,7,6,黒瀬 浩一  静　岡/56/57,A2,追,3.92,67.05,2,2,1,25
4720220101010007,7,5,▲,nan,4,5,平川 雅晃  長　野/30/107,A2,逃,3.92,84.16,2,5,1,13
4720220101010008,1,5,○,nan,3,5,井田 晶之  愛　知/30/113,A1,逃,3.92,87.47,9,8,14,36
4720220101010008,2,1,◎,nan,3,1,岩見 潤  三　重/48/71,A2,追,3.92,88.21,8,11,7,34
4720220101010008,3,3,×,nan,2,3,渡邉 高志  栃　木/44/84,A1,追,3.92,89.19,12,10,10,33
4720220101010008,4,7,△,nan,3,6,高橋 泰裕  埼　玉/37/107,A2,逃,3.92,86.12,7,7,11,26
4720220101010008,5,6,nan,nan,6,6,坂田 学  兵　庫/45/83,A2,両,3.85,72.47,0,0,0,0
4720220101010008,6,2,▲,nan,5,2,中村 美千隆  兵　庫/45/80,A2,両,3.92,77.77,5,3,2,26
4720220101010008,7,4,注,nan,4,4,小西 誠也  三　重/45/80,A2,追,3.92,81.90,3,7,11,36
4720220101010009,1,7,◎,nan,2,6,山崎 光展  京　都/35/93,A1,両,3.92,91.00,18,13,7,25
4720220101010009,2,5,△,nan,3,5,岩崎 大和  茨　城/37/94,A1,追,3.93,85.25,4,8,11,24
4720220101010009,3,2,○,nan,2,2,小松原 正登  福　井/23/117,A2,逃,3.92,91.33,11,10,6,9
4720220101010009,4,3,×,nan,4,3,小泉 俊也  岩　手/46/77,A1,両,3.92,84.04,8,6,6,28
4720220101010009,5,1,nan,nan,4,1,伊藤 一貴  栃　木/49/72,A2,追,3.92,82.91,3,3,21,50
4720220101010009,6,6,▲,nan,4,6,小谷田 公則  福　島/40/88,A2,追,3.85,82.44,4,6,8,34
4720220101010009,7,4,注,nan,4,4,堀内 昇  茨　城/33/95,A1,両,3.93,83.77,0,2,1,6
4720220101010010,1,1,◎,nan,2,1,奥出 良  石　川/28/109,A1,逃,3.92,91.18,7,5,3,21
4720220101010010,2,3,×,nan,3,3,山崎 司  福　島/37/95,A1,追,3.85,87.95,7,17,14,27
4720220101010010,3,5,○,nan,2,5,鮒田 博文  三　重/43/79,A2,追,3.93,89.41,10,12,13,34
4720220101010010,4,7,注,nan,4,6,八嶋 稔真  北海道/25/113,A2,逃,3.85,84.94,9,4,4,28
4720220101010010,5,4,▲,nan,4,4,梶原 亜湖  静　岡/51/73,A2,追,3.85,81.30,2,2,4,20
4720220101010010,6,2,△,nan,4,2,佐野 恭太  静　岡/42/94,A1,逃,3.92,84.66,10,11,5,40
4720220101010010,落,6,nan,nan,4,6,古田 義明  三　重/48/79,A2,追,3.92,80.20,1,4,10,50
4720220101010011,1,2,△,nan,3,2,水谷 将司  愛　知/34/105,A1,逃,3.92,85.68,11,3,2,23
4720220101010011,2,1,×,nan,4,1,鈴木 浩太  千　葉/24/119,A2,逃,3.92,81.05,0,2,0,1
4720220101010011,3,3,◎,nan,2,3,長井 妙樹  東　京/33/96,A2,両,3.92,92.61,9,17,14,27
4720220101010011,4,7,▲,nan,4,6,滝川 秀嗣  愛　知/49/71,A2,追,3.92,83.75,1,11,18,49
4720220101010011,5,6,nan,nan,6,6,亀井 雅斗  群　馬/46/75,A2,追,3.92,73.50,1,1,5,20
4720220101010011,6,5,○,nan,2,5,中村 隆生  栃　木/21/117,A2,逃,3.85,91.42,7,7,3,5
4720220101010011,7,4,注,nan,3,4,佐々木 健司  青　森/47/76,A2,追,3.92,85.26,6,11,9,40
4720220101010012,1,5,◎,nan,1,5,北野 良栄  愛　知/38/95,A1,両,3.92,98.09,0,0,0,0
4720220101010012,2,2,○,nan,1,2,疋田 敏  愛　知/54/59,A1,追,3.92,96.00,3,7,9,15
4720220101010012,3,6,nan,nan,2,6,渡邊 健  愛　知/48/76,A1,追,3.93,93.36,0,0,0,0
4720220101010012,4,3,△,nan,1,3,伊藤 勝太  福　島/33/95,A1,両,3.92,97.60,0,0,0,0
4720220101010012,5,4,注,nan,1,4,内藤 高裕  東　京/33/96,A1,追,3.92,96.81,0,0,0,0
4720220101010012,6,7,×,nan,1,6,高木 翔  岩　手/27/105,A1,両,3.92,96.94,0,0,0,0
4720220101010012,7,1,▲,nan,2,1,高橋 隆太  静　岡/39/90,A1,追,3.92,94.37,1,3,8,14
5620211231020001,1,2,◎,nan,3,2,徳吉 広紀  福　岡/44/84,A2,追,3.92,85.52,2,9,10,25
5620211231020001,2,6,▲,nan,5,6,窓場 加乃敏  京　都/53/59,A2,追,3.93,78.05,0,6,8,65
5620211231020001,3,1,△,nan,4,1,田村 風起  奈　良/26/107,A1,両,3.92,83.93,8,11,19,32
5620211231020001,4,4,×,nan,4,4,乾 庄平  滋　賀/35/95,A2,追,3.92,84.14,6,3,16,40
5620211231020001,5,3,注,nan,4,3,安東 英博  大　分/41/87,A2,追,3.92,82.83,4,8,11,43
5620211231020001,失,5,○,nan,4,5,中野 真吾  佐　賀/35/111,A2,両,3.92,84.03,11,9,8,52
5620211231020002,1,7,×,nan,4,6,田村 裕也  徳　島/26/113,A2,逃,3.92,83.79,15,9,4,47
5620211231020002,2,5,nan,nan,5,5,塚本 貴雄  岐　阜/50/70,A2,追,3.92,75.26,1,0,1,7
5620211231020002,3,4,○,nan,4,4,後田 康成  長　崎/48/75,A2,追,3.92,81.14,1,3,12,28
5620211231020002,4,6,注,nan,6,6,西島 貢司  熊　本/52/64,A2,追,3.92,71.47,0,2,3,13
5620211231020002,5,3,▲,nan,4,3,長谷 隆志  岡　山/53/64,A2,追,3.92,81.00,3,1,8,47
5620211231020002,6,2,△,nan,5,2,組橋 一高  香　川/48/71,A2,両,3.92,79.38,0,6,8,45
5620211231020002,7,1,◎,nan,4,1,船倉 卓郎  長　崎/37/99,A2,両,3.92,84.06,2,5,2,24
5620211231020003,1,4,○,nan,2,4,吉岡 伸太郎  愛　媛/28/105,A1,逃,3.86,90.00,11,10,8,22
5620211231020003,2,5,◎,nan,2,5,高津 晃治  岡　山/42/87,A1,追,3.93,91.95,15,15,13,36
5620211231020003,3,3,×,nan,2,3,長屋 秀明  岐　阜/21/117,A2,逃,3.92,91.55,15,4,2,8
5620211231020003,4,1,注,nan,3,1,藤原 悠斗  岡　山/36/91,A1,追,3.92,87.29,14,12,9,36
5620211231020003,5,7,△,nan,3,6,篠原 忍  愛　知/39/91,A1,両,3.93,86.54,13,15,8,42
5620211231020003,6,2,▲,nan,4,2,武田 和也  奈　良/34/92,A2,両,3.92,81.61,1,7,9,42
5620211231020003,7,6,nan,nan,4,6,関谷 哲平  奈　良/39/92,A2,逃,3.85,81.26,8,8,4,31
5620211231020004,1,4,×,nan,2,4,仲野 結音  大　阪/22/117,A2,逃,3.92,90.09,10,2,3,6
5620211231020004,2,1,△,nan,3,1,堺 文人  和歌山/42/85,A1,追,3.92,87.57,17,14,5,33
5620211231020004,3,3,○,nan,2,3,三浦 貴大  岐　阜/22/115,A1,逃,3.92,92.77,23,7,6,27
5620211231020004,4,2,注,nan,3,2,國武 耕二  佐　賀/52/66,A1,追,3.92,88.42,5,22,14,37
5620211231020004,5,7,◎,nan,2,6,佐藤 亙  愛　知/42/85,A1,追,3.92,91.66,4,7,13,12
5620211231020004,6,5,▲,nan,3,5,中石 昌芳  広　島/46/81,A1,追,3.92,88.42,9,12,17,34
5620211231020004,7,6,nan,nan,3,6,池部 壮太  大　分/29/109,A1,逃,3.92,85.09,13,13,8,38
5620211231020005,1,4,◎,nan,2,4,冨尾 享平  大　阪/36/101,A1,両,3.92,92.00,3,14,3,14
5620211231020005,2,1,○,nan,2,1,古賀 勝大  和歌山/30/115,A1,逃,3.85,90.27,9,10,10,22
5620211231020005,3,7,△,nan,2,6,金子 浩貴  京　都/35/95,A1,追,3.92,89.58,14,6,13,33
5620211231020005,4,5,注,nan,3,5,梶應 弘樹  愛　媛/56/57,A1,追,3.92,85.72,11,11,12,27
5620211231020005,5,3,×,nan,2,3,守谷 陽介  岡　山/41/87,A1,両,3.92,89.47,7,9,5,15
5620211231020005,6,2,▲,nan,4,2,太田 雅之  三　重/44/86,A2,追,3.92,82.94,2,10,10,53
5620211231020005,7,6,nan,nan,4,6,石黒 健  広　島/45/81,A2,逃,3.93,81.66,5,7,8,45
5620211231020006,1,7,○,nan,5,6,阪本 正和  長　崎/51/70,S2,追,3.92,97.95,2,10,15,52
5620211231020006,2,2,◎,nan,5,2,森山 智徳  熊　本/38/98,S2,両,3.92,97.73,14,12,9,51
5620211231020006,3,1,注,nan,5,1,佐竹 和也  徳　島/42/83,S2,追,3.92,97.16,1,6,6,28
5620211231020006,4,5,▲,nan,5,5,吉田 健市  愛　知/44/87,S2,追,3.92,96.13,1,8,16,42
5620211231020006,5,3,×,nan,5,3,愛敬 博之  愛　知/37/94,S2,追,3.93,96.32,1,5,4,37
5620211231020006,6,4,△,nan,6,4,竹澤 浩司  富　山/40/90,S2,逃,3.92,94.95,6,9,4,47
5620211231020006,7,6,nan,nan,6,6,畝木 努  岡　山/27/107,S2,逃,3.92,93.47,2,2,3,35
5620211231020007,1,4,×,nan,5,4,北川 大五郎  大　阪/30/103,S2,逃,3.92,95.65,4,4,3,25
5620211231020007,2,1,注,nan,5,1,中野 彰人  和歌山/34/93,S2,追,3.92,95.59,2,5,8,48
5620211231020007,3,7,○,nan,5,6,山本 奨  岡　山/33/94,S2,両,3.92,98.61,4,6,7,29
5620211231020007,4,2,◎,nan,4,2,才迫 開  広　島/29/101,S1,逃,3.92,101.21,27,10,10,39
5620211231020007,5,5,△,nan,6,5,谷 和也  大　阪/22/115,S2,逃,3.92,93.95,2,3,2,22
5620211231020007,6,3,▲,nan,5,3,松尾 勇吾  熊　本/23/115,S2,逃,3.92,95.76,2,1,8,24
5620211231020007,7,6,nan,nan,6,6,名川 豊  福　岡/31/99,S2,両,3.92,92.92,0,2,1,22
5620211231020008,1,1,△,nan,4,1,本郷 雄三  熊　本/33/99,S2,両,3.92,100.50,13,8,2,44
5620211231020008,2,3,◎,nan,4,3,藤井 昭吾  滋　賀/35/99,S2,逃,3.93,99.60,13,12,10,53
5620211231020008,3,4,×,nan,3,4,湊 聖二  徳　島/45/86,S2,追,3.92,107.00,8,12,16,51
5620211231020008,落,2,○,nan,4,2,笠松 信幸  愛　知/42/84,S1,追,3.92,103.25,2,8,12,37
5620211231020008,落,5,nan,nan,5,5,伊藤 健詞  石　川/51/68,S2,追,3.92,98.50,2,6,8,53
5620211231020008,落,6,▲,nan,5,6,青井 賢治  徳　島/45/81,S2,追,3.92,96.76,0,2,5,17
5620211231020008,落,7,注,nan,4,6,北野 武史  石　川/49/78,S2,追,3.93,101.09,6,14,12,42
5620211231020009,1,3,×,nan,4,3,瀬戸 栄作  長　崎/28/109,S2,逃,3.92,99.31,17,8,9,43
5620211231020009,2,5,△,nan,5,5,桑原 亮  福　岡/37/91,S2,両,3.92,98.00,5,11,12,58
5620211231020009,3,6,nan,nan,5,6,吉村 和之  岐　阜/44/80,S2,追,3.93,97.21,1,9,4,34
5620211231020009,4,1,○,nan,4,1,大屋 健司  広　島/40/87,S2,追,3.92,100.62,10,9,10,45
5620211231020009,5,7,注,nan,4,6,濱田 浩司  愛　媛/42/81,S1,追,3.92,100.88,0,15,16,42
5620211231020009,6,2,▲,nan,5,2,伊藤 正樹  愛　知/49/71,S2,両,3.54,98.57,4,12,7,46
5620211231020009,7,4,◎,nan,4,4,吉本 哲郎  広　島/42/84,S2,両,3.92,102.35,12,14,6,51
5620211231020010,1,3,×,nan,2,3,園田 匠  福　岡/40/87,S1,追,3.92,112.95,16,21,18,39
5620211231020010,2,6,nan,nan,4,6,松尾 信太郎  福　岡/38/92,S1,追,3.85,102.21,9,14,11,50
5620211231020010,3,7,○,nan,3,6,山中 貴雄  高　知/38/90,S1,追,3.92,106.26,18,13,8,50
5620211231020010,4,4,▲,nan,3,4,福永 大智  大　阪/23/113,S2,逃,3.92,104.72,15,14,7,44
5620211231020010,5,5,注,nan,3,5,嘉永 泰斗  熊　本/23/113,S1,逃,3.92,108.95,21,11,8,34
5620211231020010,6,1,◎,nan,2,1,取鳥 雄吾  岡　山/26/107,S1,逃,3.92,110.70,28,17,6,44
5620211231020010,失,2,△,nan,3,2,椎木尾 拓哉  和歌山/36/93,S1,追,3.93,106.80,5,10,13,33
5620211231020011,1,7,△,nan,3,6,林 大悟  福　岡/26/109,S1,逃,3.92,106.86,14,14,3,25
5620211231020011,2,1,◎,nan,1,1,山田 庸平  佐　賀/34/94,S1,両,3.93,114.78,21,10,13,35
5620211231020011,3,5,○,nan,3,5,合志 正臣  熊　本/44/81,S1,追,3.92,105.06,6,16,10,39
5620211231020011,4,2,×,nan,2,2,谷口 遼平  三　重/27/103,S1,逃,3.92,111.22,13,11,7,28
5620211231020011,5,3,▲,nan,4,3,三ツ石 康洋  徳　島/41/86,S2,両,3.92,103.39,4,10,17,40
5620211231020011,6,4,注,nan,3,4,金子 貴志  愛　知/46/75,S1,両,3.92,104.90,11,7,8,44
5620211231020011,7,6,nan,nan,4,6,筒井 裕哉  兵　庫/40/89,S2,両,3.92,100.37,10,7,7,45
5620211231020012,1,1,○,nan,3,1,岡崎 智哉  大　阪/36/96,S2,両,3.92,106.62,26,8,8,34
5620211231020012,2,5,◎,nan,2,5,稲川 翔  大　阪/36/90,S1,両,3.92,112.75,12,10,12,24
5620211231020012,3,2,×,nan,2,2,阿竹 智史  徳　島/39/90,S1,両,3.92,110.50,19,11,12,40
5620211231020012,4,7,▲,nan,3,6,岡本 総  愛　知/34/105,S2,両,3.85,105.95,15,10,12,36
5620211231020012,5,6,注,nan,5,6,伊原 弘幸  福　井/37/90,S2,追,3.93,96.78,4,11,14,56
5620211231020012,6,4,△,nan,4,4,佐藤 幸治  長　崎/36/92,S2,両,3.92,103.12,24,10,9,38
5620211231020012,7,3,nan,nan,4,3,神田 龍  三　重/32/105,S2,逃,3.92,101.82,14,10,7,38
6220211230030001,1,2,×,nan,4,2,濱田 昭一郎  鹿児島/53/67,A3,追,3.85,69.73,3,5,13,44
6220211230030001,2,3,△,nan,4,3,福田 博  香　川/48/79,A3,追,3.83,68.00,3,5,11,40
6220211230030001,3,1,○,nan,5,1,尾崎 勝弘  徳　島/53/66,A3,追,3.93,67.33,0,3,12,44
6220211230030001,4,5,◎,nan,4,5,藤原 義浩  徳　島/49/76,A3,追,3.85,69.13,9,13,8,35
6220211230030001,5,4,注,nan,6,4,奥平 充男  京　都/50/93,A3,両,3.92,62.61,0,0,0,26
6220211230030002,1,5,◎,nan,1,5,白井 優太朗  広　島/20/119,A3,逃,3.85,78.42,14,9,4,7
6220211230030002,2,6,注,nan,5,6,志村 達也  広　島/49/71,A3,両,3.93,66.18,10,5,11,45
6220211230030002,3,1,○,nan,4,1,阿部 亮治  広　島/54/64,A3,追,3.92,67.96,1,5,7,31
6220211230030002,4,4,×,nan,4,4,木谷 凉  福　岡/47/78,A3,追,3.92,69.40,1,10,5,22
6220211230030002,5,2,△,nan,3,2,江口 晃正  長　崎/47/75,A3,追,3.93,71.16,1,4,8,11
6220211230030002,6,3,▲,nan,4,3,沖 健一  高　知/50/75,A3,追,3.92,68.71,0,2,5,21
6220211230030003,1,1,○,nan,4,1,藤野 貴章  佐　賀/33/97,A3,追,3.92,68.62,7,10,14,47
6220211230030003,2,5,◎,nan,3,5,山口 龍也  長　崎/26/111,A3,逃,3.86,72.50,4,7,8,18
6220211230030003,3,2,nan,nan,5,2,佐古 雅俊  広　島/61/45,A3,追,3.92,67.27,1,2,3,14
6220211230030003,4,7,▲,nan,4,6,浅見 敏也  愛　知/51/65,A3,追,3.92,70.14,5,12,13,36
6220211230030003,5,4,×,nan,4,4,浜田 翔平  大　阪/32/111,A3,逃,3.93,70.36,9,7,13,39
6220211230030003,6,3,△,nan,4,3,磯村 蓮太  愛　知/24/115,A3,逃,3.92,69.66,7,12,13,36
6220211230030003,7,6,注,nan,5,6,後藤 純平  福　井/45/78,A3,追,3.79,67.06,3,8,3,33
6220211230030004,1,2,▲,nan,4,2,眞鍋 伸也  香　川/41/85,A3,両,3.92,69.16,9,13,14,30
6220211230030004,2,7,注,nan,5,6,川藤 幸大  熊　本/24/119,A3,逃,3.92,67.22,1,1,1,16
6220211230030004,3,4,△,nan,3,4,大崎 龍一郎  滋　賀/29/109,A3,逃,3.93,71.30,0,5,4,25
6220211230030004,4,6,nan,nan,5,6,太田黒 真也  愛　知/46/85,A3,追,3.92,64.79,3,9,6,37
6220211230030004,5,5,○,nan,3,5,高尾 剛文  福　岡/52/66,A3,追,3.92,71.76,5,9,12,34
6220211230030004,6,1,◎,nan,3,1,久保 光司  佐　賀/24/119,A3,逃,3.79,72.80,6,6,6,15
6220211230030004,7,3,×,nan,3,3,渡辺 大剛  京　都/31/100,A3,逃,3.92,71.25,9,11,15,41
6220211230030005,1,2,×,nan,1,2,近藤 翔馬  愛　媛/23/119,A3,逃,3.85,77.84,19,5,3,6
6220211230030005,2,3,△,nan,1,3,高橋 綜一郎  大　分/25/119,A3,逃,3.85,77.33,13,9,2,12
6220211230030005,3,5,○,nan,3,5,沢田 勇治  山　口/32/98,A3,両,3.92,70.95,12,11,8,32
6220211230030005,4,1,◎,nan,2,1,山崎 航  山　口/26/119,A3,逃,3.92,76.62,7,3,4,4
6220211230030005,5,6,nan,nan,4,6,脇田 良雄  広　島/52/66,A3,追,3.93,69.86,15,8,13,48
6220211230030005,6,4,▲,nan,3,4,岡崎 克政  岡　山/36/92,A3,逃,3.92,72.11,16,9,8,28
6220211230030005,7,7,注,nan,3,6,荘田 竜斗  大　分/33/97,A3,両,3.92,71.58,13,17,10,38
6220211230030006,1,7,○,nan,3,6,廣木 まこ  福　岡/28/118,L1,両,3.71,50.20,5,8,10,46
6220211230030006,2,1,△,nan,4,1,浦部 郁里  滋　賀/34/102,L1,両,3.77,47.90,0,1,5,44
6220211230030006,3,4,◎,nan,2,4,西島 叶子  熊　本/26/118,L1,両,3.77,52.78,12,15,20,24
6220211230030006,4,2,×,nan,3,2,白井 美早子  大　阪/34/102,L1,両,3.77,49.06,2,9,10,67
6220211230030006,5,6,注,nan,4,6,宮安 利紗  岡　山/30/106,L1,両,3.69,46.54,0,0,1,32
6220211230030006,6,3,nan,nan,5,3,森内 愛香  大　阪/22/118,L1,両,3.77,44.81,0,1,7,60
6220211230030006,7,5,▲,nan,5,5,飯塚 朋子  奈　良/42/102,L1,両,3.64,45.62,0,1,4,70
6220211230030007,1,3,△,nan,3,3,中嶋 里美  愛　知/31/110,L1,両,3.77,51.11,14,13,20,33
6220211230030007,2,4,注,nan,3,4,渡口 まりあ  山　口/27/114,L1,両,3.77,51.36,12,7,19,52
6220211230030007,3,2,◎,nan,2,2,吉岡 詩織  広　島/27/116,L1,両,3.77,52.91,26,18,19,22
6220211230030007,4,5,○,nan,2,5,亀川 史華  兵　庫/30/110,L1,両,3.79,53.52,15,9,9,17
6220211230030007,5,7,×,nan,2,6,比嘉 真梨代  沖　縄/33/114,L1,両,3.77,53.30,7,31,16,26
6220211230030007,6,1,▲,nan,3,1,野口 諭実可  大　分/29/102,L1,両,3.77,51.42,4,16,20,26
6220211230030007,7,6,nan,nan,4,6,猪子 真実  愛　知/41/104,L1,両,3.77,47.16,2,1,9,61
7120220101010001,1,1,◎,nan,3,1,飯塚 隼人  佐　賀/33/95,A1,両,3.92,86.66,25,12,2,29
7120220101010001,2,5,○,nan,3,5,屋宜 浩二  沖　縄/36/97,A1,追,3.92,88.56,4,3,6,15
7120220101010001,3,2,△,nan,4,2,阿部 功  高　知/38/93,A1,追,3.92,80.72,4,9,7,42
7120220101010001,4,4,注,nan,6,4,龍門 慎太郎  岡　山/36/96,A2,両,3.92,73.47,0,0,0,0
7120220101010001,5,6,nan,nan,7,6,川島 聖隆  香　川/44/77,A2,逃,3.93,67.06,0,0,0,0
7120220101010001,6,7,▲,nan,4,6,北村 篤  岐　阜/34/94,A2,追,3.92,80.52,3,6,8,40
7120220101010001,7,3,×,nan,4,3,臼井 昌巨  愛　知/37/89,A2,両,3.92,84.33,10,7,5,48
7120220101010002,1,5,◎,nan,3,5,大谷 靖茂  愛　知/39/93,A1,逃,3.92,87.54,9,4,1,22
7120220101010002,2,1,×,nan,4,1,宮司 周郎  愛　知/45/82,A2,両,3.92,83.76,2,15,10,33
7120220101010002,3,7,○,nan,3,6,武田 良太  愛　媛/40/88,A1,追,3.92,86.87,7,15,9,35
7120220101010002,4,4,注,nan,4,4,三槻 智清  佐　賀/44/80,A1,追,3.93,83.54,3,12,11,43
7120220101010002,5,6,△,nan,4,6,宮崎 康司  香　川/33/94,A2,逃,3.85,80.34,10,6,4,45
7120220101010002,6,2,nan,nan,4,2,松丸 裕紀  福　岡/41/86,A2,追,3.92,80.70,1,10,10,53
7120220101010002,7,3,▲,nan,4,3,土居 佑次  高　知/24/113,A2,逃,3.92,81.50,10,6,6,43
7120220101010003,1,7,×,nan,3,6,清水 邦章  香　川/51/68,A1,追,3.92,85.62,12,8,13,32
7120220101010003,2,2,◎,nan,3,2,小岩 哲也  大　分/35/101,A2,逃,3.92,86.80,17,11,8,37
7120220101010003,3,6,nan,nan,5,6,垣外中 勝哉  大　阪/50/68,A2,追,3.92,75.26,1,0,3,14
7120220101010003,4,3,注,nan,4,3,高嶋 一朗  岡　山/54/62,A2,追,3.93,82.41,6,16,12,45
7120220101010003,5,4,▲,nan,4,4,大井 啓世  奈　良/56/58,A2,追,3.86,84.44,5,7,11,30
7120220101010003,6,1,△,nan,4,1,和泉 尚吾  愛　媛/24/117,A2,逃,3.86,83.28,6,6,5,22
7120220101010003,7,5,○,nan,3,5,永田 修一  熊　本/40/90,A2,追,3.92,85.57,8,14,8,32
7120220101010004,1,2,○,nan,3,2,山田 祥明  岐　阜/42/97,A1,両,3.92,87.79,13,12,8,29
7120220101010004,2,7,◎,nan,3,6,長谷部 龍一  岐　阜/25/117,A2,逃,3.92,88.70,8,5,6,14
7120220101010004,3,4,nan,nan,4,4,外山 三平  愛　知/43/88,A2,追,3.93,80.95,1,4,10,50
7120220101010004,4,1,×,nan,3,1,岩本 純  岡　山/40/94,A1,両,3.93,87.70,12,10,8,36
7120220101010004,5,6,注,nan,5,6,中山 敬太郎  熊　本/32/100,A2,両,3.92,79.59,1,5,5,34
7120220101010004,6,5,▲,nan,4,5,大田 啓介  岡　山/47/73,A2,追,3.92,82.05,0,7,10,49
7120220101010004,7,3,△,nan,4,3,加藤 大輔  大　分/42/87,A2,追,3.93,80.72,7,3,13,50
7120220101010005,1,2,×,nan,2,2,貴志 修己  和歌山/25/117,A1,逃,3.92,92.55,30,8,4,12
7120220101010005,2,6,△,nan,2,6,布居 寛幸  和歌山/47/72,A1,追,3.93,90.28,8,2,4,13
7120220101010005,3,5,▲,nan,1,5,連佛 康浩  岡　山/36/93,A1,両,3.93,97.53,2,7,10,17
7120220101010005,4,7,nan,nan,2,6,川又 裕樹  鹿児島/35/97,A1,追,3.93,91.44,11,18,10,27
7120220101010005,5,4,注,nan,2,4,城戸崎 隆史  福　岡/49/76,A1,両,3.92,92.18,13,15,10,27
7120220101010005,6,3,○,nan,2,3,樫山 恭柄  福　岡/35/92,A1,両,3.92,94.33,0,0,0,0
7120220101010005,7,1,◎,nan,1,1,東矢 昇太  熊　本/35/98,A1,両,3.92,100.53,0,0,0,0
7120220101010006,1,5,注,nan,4,5,水谷 良和  愛　知/50/70,S2,追,3.93,99.44,4,11,15,44
7120220101010006,2,1,△,nan,4,1,藤井 栄二  兵　庫/31/99,S2,逃,3.92,99.05,5,13,9,44
7120220101010006,3,2,×,nan,4,2,中村 健志  熊　本/35/96,S2,追,3.92,100.23,3,3,1,13
7120220101010006,4,4,○,nan,5,4,金ヶ江 勇気  佐　賀/25/111,S2,逃,3.92,95.05,5,2,8,25
7120220101010006,5,3,nan,nan,5,3,立花 成泰  岡　山/43/82,S2,追,3.92,95.00,4,5,9,45
7120220101010006,6,7,◎,nan,3,6,大坪 功一  福　岡/44/81,S2,追,3.92,107.13,15,14,4,39
7120220101010006,7,6,▲,nan,6,6,今野 大輔  愛　媛/28/111,S2,逃,3.86,94.00,0,0,0,0
7120220101010007,1,1,◎,nan,3,1,田中 誠  福　岡/38/89,S1,追,3.92,107.16,10,9,11,39
7120220101010007,2,4,×,nan,5,4,宮崎 大空  熊　本/22/115,S2,逃,3.92,96.42,0,0,0,0
7120220101010007,3,2,○,nan,3,2,片岡 迪之  岡　山/35/93,S1,逃,3.92,105.04,18,10,13,35
7120220101010007,4,5,△,nan,5,5,中村 良二  福　岡/46/81,S2,追,3.92,97.21,3,4,10,32
7120220101010007,5,3,▲,nan,6,3,八日市屋 浩之  石　川/46/79,S2,追,3.92,93.28,4,2,7,20
7120220101010007,6,7,注,nan,5,6,坂田 章  高　知/36/93,S2,追,3.92,97.50,0,1,8,31
7120220101010007,7,6,nan,nan,7,6,井上 嵩  愛　知/32/97,S2,逃,3.92,88.28,0,0,0,0
7120220101010008,1,7,注,nan,4,6,今岡 徹二  広　島/27/111,S2,逃,3.92,99.65,4,13,10,40
7120220101010008,2,3,▲,nan,5,3,前反 祐一郎  広　島/48/81,S2,追,3.92,98.54,0,3,2,13
7120220101010008,3,2,◎,nan,3,2,中西 大  和歌山/31/107,S1,逃,3.93,106.75,24,22,14,29
7120220101010008,4,1,×,nan,4,1,松崎 貴久  富　山/47/82,S2,追,3.92,100.84,9,12,11,35
7120220101010008,5,5,○,nan,5,5,水谷 好宏  大　阪/38/93,S2,両,3.92,97.76,11,3,1,31
7120220101010008,6,4,nan,nan,5,4,白上 翔  滋　賀/32/95,S2,両,3.92,96.93,1,2,4,16
7120220101010008,7,6,△,nan,6,6,伊藤 稔真  三　重/24/111,S2,逃,3.92,94.62,8,4,5,29
7120220101010009,1,1,◎,nan,3,1,竹内 翼  広　島/30/109,S1,逃,3.92,105.11,21,12,6,32
7120220101010009,2,4,○,nan,4,4,佐々木 則幸  高　知/45/79,S2,追,3.93,103.75,2,6,8,29
7120220101010009,3,7,△,nan,6,6,吉川 嘉斗  徳　島/28/105,S2,追,3.93,94.06,5,3,5,16
7120220101010009,4,6,nan,nan,7,6,太田 剛司  愛　知/41/97,S2,両,3.92,89.87,0,0,0,0
7120220101010009,5,2,▲,nan,6,2,富永 益生  愛　知/50/66,S2,追,3.92,91.20,4,8,3,30
7120220101010009,6,5,注,nan,6,5,橋本 優己  岐　阜/21/117,S2,逃,3.92,92.29,0,0,0,0
7120220101010009,7,3,×,nan,4,3,竹田 和幸  岐　阜/45/78,S2,追,3.93,99.21,2,5,6,36
7120220101010010,1,3,○,nan,4,3,西村 光太  三　重/35/96,S2,両,3.92,103.81,4,8,3,20
7120220101010010,2,7,◎,nan,4,6,竹内 雄作  岐　阜/34/99,S1,逃,3.92,102.86,15,14,10,43
7120220101010010,3,5,注,nan,5,5,伊藤 大彦  徳　島/38/89,S2,追,3.92,97.46,3,3,6,34
7120220101010010,4,2,×,nan,5,2,日野 博幸  愛　媛/37/103,S2,逃,3.92,97.05,5,2,2,17
7120220101010010,5,6,nan,nan,6,6,石田 洋秀  広　島/51/64,S2,追,3.92,90.76,0,0,3,12
7120220101010010,6,4,▲,nan,6,4,高間 悠平  福　井/33/95,S2,追,3.92,91.41,0,0,0,0
7120220101010010,7,1,△,nan,5,1,清水 剛志  福　井/30/103,S2,逃,3.92,95.22,3,2,3,12
7120220101010011,1,1,◎,nan,4,1,犬伏 湧也  徳　島/26/119,S2,逃,3.92,100.40,2,0,0,1
7120220101010011,2,5,○,nan,4,5,北村 信明  徳　島/36/93,S1,追,3.92,102.58,6,12,7,31
7120220101010011,3,3,×,nan,4,3,島田 竜二  熊　本/47/76,S1,追,3.92,103.59,13,8,9,31
7120220101010011,4,7,▲,nan,6,6,緒方 将樹  熊　本/23/117,S2,逃,3.92,91.09,0,0,0,0
7120220101010011,5,6,nan,nan,6,6,藤田 昌宏  岡　山/47/82,S2,追,3.93,90.40,3,7,6,20
7120220101010011,6,2,注,nan,5,2,後藤 彰仁  岐　阜/36/92,S2,追,3.92,98.35,1,4,4,20
7120220101010011,7,4,△,nan,5,4,森川 康輔  岐　阜/24/111,S2,逃,3.92,97.13,6,3,3,24
7120220101010012,1,2,◎,nan,2,2,原田 研太朗  徳　島/31/98,S1,逃,3.93,112.20,27,6,2,44
7120220101010012,2,3,○,nan,2,3,東口 善朋  和歌山/42/85,S1,追,3.92,113.36,11,14,9,32
7120220101010012,3,7,×,nan,2,6,橋本 強  愛　媛/37/89,S1,追,3.92,110.12,2,13,17,36
7120220101010012,4,4,nan,nan,2,4,野田 源一  福　岡/43/81,S1,両,3.92,110.58,16,7,10,24
7120220101010012,5,5,注,nan,2,5,吉田 敏洋  愛　知/42/85,S1,両,3.92,110.86,14,7,14,37
7120220101010012,6,6,△,nan,3,6,上田 尭弥  熊　本/24/113,S1,逃,3.93,109.04,17,20,5,39
7120220101010012,7,1,▲,nan,2,1,中本 匠栄  熊　本/34/97,S1,両,3.92,110.70,14,9,11,38
8620220101010001,1,2,○,nan,2,2,飯田 風音  埼　玉/20/120,L1,両,3.77,53.44,7,8,7,15
8620220101010001,2,1,◎,nan,2,1,南 円佳  鹿児島/22/116,L1,両,3.77,54.30,12,31,22,20
8620220101010001,3,3,×,nan,3,3,高尾 貴美歌  長　崎/21/116,L1,両,3.77,51.35,4,6,14,41
8620220101010001,4,5,注,nan,4,5,橋本 佳耶  熊　本/25/114,L1,両,3.77,47.58,2,5,8,38
8620220101010001,5,7,nan,nan,5,6,戸田 みよ子  広　島/32/102,L1,両,3.77,0.00,0,0,0,0
8620220101010001,6,4,△,nan,3,4,三宅 玲奈  岡　山/26/108,L1,両,3.79,49.08,2,4,10,51
8620220101010001,7,6,▲,nan,4,6,岡村 育子  埼　玉/45/102,L1,両,3.77,46.57,1,1,1,60
8620220101010002,1,3,×,nan,3,3,田中 月菜  佐　賀/21/118,L1,両,3.77,51.08,5,13,7,32
8620220101010002,2,1,◎,nan,2,1,久米 詩  静　岡/22/116,L1,両,3.79,54.42,27,12,11,9
8620220101010002,3,2,○,nan,2,2,内野 艶和  福　岡/19/120,L1,両,3.79,53.73,14,3,7,9
8620220101010002,4,6,▲,nan,4,6,田仲 敦子  熊　本/37/104,L1,両,3.77,46.81,0,1,7,48
8620220101010002,5,7,nan,nan,5,6,渡辺 ゆかり  山　梨/40/102,L1,両,3.71,45.34,0,1,2,76
8620220101010002,6,5,注,nan,4,5,三森 彩桜  福　島/21/116,L1,両,3.69,47.45,2,7,5,49
8620220101010002,7,4,△,nan,4,4,新井 美菜  埼　玉/22/116,L1,両,3.79,48.22,1,2,5,38
8620220101010003,1,1,×,nan,3,1,山田 雅之  岐　阜/49/72,A1,追,3.93,88.52,7,11,17,28
8620220101010003,2,2,◎,nan,3,2,岡田 啓渡  愛　媛/31/100,A1,両,3.92,87.18,13,12,10,28
8620220101010003,3,3,○,nan,3,3,山原 利秀  高　知/52/63,A1,追,3.92,86.66,14,11,8,29
8620220101010003,4,4,△,nan,3,4,藤井 稜也  岐　阜/25/115,A2,逃,3.93,85.47,5,5,9,44
8620220101010003,5,7,nan,nan,5,6,三木 健治  沖　縄/46/73,A2,追,3.85,79.23,1,2,11,48
8620220101010003,6,5,注,nan,4,5,重 一徳  鹿児島/57/57,A2,追,3.85,82.23,2,8,6,53
8620220101010003,7,6,▲,nan,4,6,茅野 寛史  鹿児島/43/99,A2,両,3.92,80.87,3,7,6,50
8620220101010004,1,2,△,nan,3,2,金山 栄治  滋　賀/48/72,A1,両,3.92,86.79,9,12,11,35
8620220101010004,2,4,○,nan,3,4,下沖 功児  宮　崎/38/95,A2,両,3.86,85.66,15,8,12,41
8620220101010004,3,3,◎,nan,3,3,安部 龍文  大　分/37/94,A2,追,3.92,86.00,7,6,13,39
8620220101010004,4,7,nan,nan,6,6,松木 竜也  愛　媛/52/65,A2,追,3.92,71.57,0,0,0,0
8620220101010004,5,6,▲,nan,4,6,武市 和人  高　知/47/74,A2,両,3.85,80.38,2,2,2,25
8620220101010004,6,5,注,nan,4,5,米嶋 賢二  長　崎/47/77,A2,追,3.92,83.00,2,8,14,53
8620220101010004,7,1,×,nan,3,1,土岐 幹多  岐　阜/42/83,A2,追,3.92,88.16,8,16,10,28
8620220101010005,1,3,×,nan,3,3,松尾 玄太  佐　賀/36/93,A1,追,3.92,86.16,10,6,13,38
8620220101010005,2,6,▲,nan,4,6,原 清孝  沖　縄/44/98,A2,両,3.86,81.66,5,2,8,29
8620220101010005,3,2,○,nan,3,2,葛西 雄太郎  愛　媛/42/85,A1,両,3.92,86.29,4,5,3,20
8620220101010005,4,5,注,nan,4,5,渡邉 満  福　岡/49/73,A2,追,3.92,82.27,5,6,5,48
8620220101010005,5,1,◎,nan,2,1,片山 智晴  岡　山/37/92,A1,追,3.92,89.50,7,13,16,36
8620220101010005,6,4,△,nan,4,4,吉野 猛  愛　知/48/74,A1,追,3.92,83.83,3,7,5,30
8620220101010005,7,7,nan,nan,7,6,竜門 孝宗  兵　庫/35/95,A2,追,3.92,69.08,0,0,0,0
8620220101010006,1,2,◎,nan,3,2,高田 真幸  福　岡/44/83,A1,両,3.92,87.95,22,14,6,33
8620220101010006,2,1,○,nan,3,1,良永 浩一  福　岡/42/86,A2,追,3.86,88.04,7,17,11,30
8620220101010006,3,4,注,nan,4,4,高橋 紀史  佐　賀/35/91,A1,追,3.83,84.81,8,15,13,39
8620220101010006,4,3,×,nan,3,3,隅 貴史  山　口/40/91,A2,追,3.93,86.69,7,9,8,37
8620220101010006,5,6,▲,nan,4,6,加藤 正法  愛　知/32/96,A2,両,3.86,81.14,5,4,9,46
8620220101010006,6,5,nan,nan,4,5,三浦 靖  岐　阜/57/53,A2,追,3.85,82.00,2,2,11,42
8620220101010006,7,7,△,nan,5,6,才迫 勇馬  広　島/32/95,A2,逃,3.86,78.75,7,10,8,44
8620220101010007,1,2,◎,nan,3,2,谷元 奎心  鹿児島/21/117,A1,逃,3.92,88.94,21,8,8,18
8620220101010007,2,1,○,nan,2,1,原田 礼  福　岡/41/90,A1,追,3.92,89.55,6,5,3,13
8620220101010007,3,3,×,nan,3,3,富安 保充  愛　知/39/91,A1,追,3.85,88.00,9,14,15,35
8620220101010007,4,4,△,nan,4,4,松尾 大樹  長　崎/41/87,A1,追,3.92,84.64,2,10,9,31
8620220101010007,5,5,▲,nan,4,5,武智 尚之  愛　媛/50/70,A2,追,3.85,81.57,4,8,18,43
8620220101010007,6,7,nan,nan,7,6,高田 大輔  徳　島/43/88,A2,追,3.83,68.83,1,0,5,27
8620220101010007,7,6,注,nan,6,6,大中 拓磨  兵　庫/32/111,A2,逃,3.92,71.87,0,0,0,0
8620220101010008,1,1,◎,nan,2,1,滝本 泰行  岡　山/26/107,A1,逃,3.92,90.42,9,6,2,16
8620220101010008,2,2,○,nan,2,2,棚橋 勉  岡　山/40/96,A1,追,3.93,89.70,8,14,10,35
8620220101010008,3,5,▲,nan,4,5,小磯 知也  徳　島/47/76,A2,追,3.83,83.07,4,11,14,43
8620220101010008,4,3,×,nan,3,3,竹内 一暢  滋　賀/44/84,A1,追,3.92,86.85,5,11,14,30
8620220101010008,5,7,nan,nan,7,6,徳吉 正治  福　岡/38/89,A2,両,3.86,69.29,1,3,4,23
8620220101010008,6,4,注,nan,4,4,吉成 貴博  熊　本/33/97,A2,両,3.83,84.10,6,8,10,39
8620220101010008,7,6,△,nan,6,6,樋口 有樹郎  兵　庫/33/98,A2,両,3.93,74.63,0,0,0,0
8620220101010009,1,3,▲,nan,1,3,飯田 裕次  福　岡/36/97,A1,追,3.92,98.78,4,9,7,23
8620220101010009,2,1,×,nan,1,1,藤岡 隆治  徳　島/45/98,A1,両,3.93,100.45,0,0,0,0
8620220101010009,3,2,注,nan,1,2,古川 貴之  佐　賀/37/93,A1,両,3.93,99.76,0,0,0,0
8620220101010009,4,4,○,nan,2,4,内藤 敦  岡　山/45/80,A1,追,3.92,95.33,3,6,5,15
8620220101010009,5,5,△,nan,2,5,森安 崇之  香　川/43/84,A1,追,3.92,93.85,9,8,3,9
8620220101010009,6,7,nan,nan,2,6,内村 泰三  山　口/47/72,A1,両,3.92,92.45,10,13,11,25
8620220101010009,7,6,◎,nan,2,6,奥村 諭志  岡　山/28/111,A1,逃,3.92,93.66,11,10,13,23
